layer,central,inner_superior,inner_nasal,inner_inferior,inner_temporal,outer_superior,outer_nasal,outer_inferior,outer_temporal
NFL,10.64,23.26,22.26,27.07,16.89,nan,nan,nan,nan
GCL,13.77,47.59,50.16,48.97,43.13,nan,nan,nan,nan
IPL,18.04,37.69,40.37,39.09,37.92,nan,nan,nan,nan
INL,18.85,37.25,39.78,43.13,35.36,nan,nan,nan,nan
OPL,29.77,26.24,35.17,40.70,26.84,nan,nan,nan,nan
ONL,82.67,75.86,70.80,58.09,75.89,nan,nan,nan,nan
IS/OS,72.47,67.60,68.99,66.28,69.06,nan,nan,nan,nan
RPE,15.95,14.08,14.04,15.11,12.67,nan,nan,nan,nan
total,262.15,329.56,341.57,338.45,317.76,nan,nan,nan,nan
